job_id,titel,arbeitgeber,ort,land,link,content_clean
crawl_001,Mechaniker:in,SBB AG,Bern,Schweiz,https://jobs.sbb.ch/v2/offene-stellen/mechaniker-in/c53f0718-fd0d-4630-91b3-01c6f952400d,"Verantwortung für die Einhaltung der gesetzlichen Instandhaltungsvorgaben des Rollmaterials
Instandhaltungs- bzw. Wartungsarbeiten an den elektrischen und thermischen Schienenfahrzeugen sowie Personenwagen der Zentralbahn
Umbauarbeiten am Rollmaterial und Mitarbeit bei verschiedenen Projekten
Möglichkeit für berufliche Weiterentwicklung
Vielseitiges Arbeitsgebiet an einem modernen Arbeitsplatz inkl. einem top eingespielten und grossartigen Team

Abgeschlossene Berufslehre als Automobil-Mechatroniker:in, Polymechaniker:in oder ähnlichem Beruf mit mehrjähriger Berufserfahrung, von Vorteil in der Instandhaltung
Besitz des Führerausweises Kat. B sowie gute PC-Anwenderkenntnisse
Kreativität und Ideen bei der Störungssuche
Hohe Eigenverantwortung und Selbständigkeit, gute Team- und Konfliktfähigkeit
Motivation sich einzubringen, etwas bewegen zu wollen und das Arbeitsumfeld aktiv mitzugestalten"
crawl_002,Quereinstieg Kundenbegleiter:in für Frequenzerfassung,SBB AG,Bern,Schweiz,https://jobs.sbb.ch/v2/offene-stellen/quereinstieg-kundenbegleiter-in-fuer-frequenzerfassung/1b0ddca0-51d2-4666-8cd0-3e7200f4a7de,"Als Kundenbegleiter:in für Frequenzerfassung stehst du im direkten Kontakt mit unseren Kund:innen und begleitest sie auf ihrer Reise. Du befragst unsere Fahrgäste nach ihrer Reisestrecke und ihren Fahrausweisen, um das Reiseverhalten zu ermitteln.
Die gesammelten Daten erfasst du in einem elektronischen Gerät.
Du informierst die Kundschaft über ihre Reise, stellst den Reisekomfort sicher und lenkst die Kundenströme.
In einem sehr abwechslungsreichen Berufsalltag bewegst du mit täglich neu zugeteilten Teamkolleg:innen die Schweiz.
Dank dem exakt getakteten Dienstplan kannst du pünktlich und ohne weitere Aufgaben oder E-Mails in den wohlverdienten Feierabend.

Du bist kommunikativ, aufgeschlossen und dein freundlicher Umgang mit Menschen sowie deine ausgeprägte Kundenorientierung zeichnen dich aus. Mit deinen sehr guten Kommunikations- und Konfliktfähigkeiten trägst du entscheidend zu einem positiven Kundenerlebnis bei.
Wir setzen auf Zusammenarbeit und Teamgeist, um die zum Teil physisch anspruchsvollen Aufgaben zu bewältigen.
Du hast ein Flair für Zahlen, ein rasches Auffassungsvermögen sowie ein ausgeprägtes Verantwortungsbewusstsein. Du arbeitest effizient und genau, beherrschst digitale Arbeitsmittel und bist bereit, im Schichtbetrieb zu arbeiten.
Du hast eine Berufslehre (mindestens zweijährig) oder Matura abgeschlossen. Deine Motivation ist uns dabei wichtiger als die Branche, aus der du kommst.
Du verfügst über sehr gute Deutschkenntnisse (Niveau C1) und kannst dich bereits auf Französisch verständigen. Zudem bringst du die Bereitschaft mit, innerhalb von zwei Jahren ein Sprachdiplom (Niveau A2) zu erwerben: Französisch, Italienisch oder Englisch.
Im Bewerbungsprozess werden wir von dir einen aktuellen Strafregister- und Betreibungsregisterauszug (nicht älter als 3 Monate) verlangen. Das Dokument kann bei der Einladung zum persönlichen Kennenlernen bestellt werden."
crawl_003,Controlling Advisor (m/w/d),SBB AG,Bern,Schweiz,https://jobs.sbb.ch/v2/offene-stellen/controlling-advisor-m-w-d/0ac214cb-df1a-44fa-826b-be1fd7212908,"Als Controlling Advisor bist du die zentrale Ansprechperson für fachliche Controlling Themen innerhalb der Division und sorgst für die Umsetzung der konzernweiten Vorgaben, die Weiterentwicklung des Fachkonzepts und die Harmonisierung mit den Geschäftsprozessen.
Du unterstützt die Erarbeitung nachhaltiger Lösungen im Rahmen von SAP S/4HANA und gewährleistest stabile sowie tragfähige Prozesse im Parallelbetrieb.
Geschäftsprozesse übersetzt du fachlich in End to End Werteflüsse und sorgst für die korrekte Abbildung in CO und FI, koordinierst Anforderungen zwischen Business, Fachführung, Controlling Service Organisation und IT und begleitest die Umsetzung bis zur fachlichen Freigabe.
Die Einhaltung von Governance, Controlling und internem Kontrollsystem stellst du sicher und übernimmst eine qualitätssichernde Rolle innerhalb der Division.
Interne Leistungsverrechnungen, Umlagen und Sonderverrechnungen führst du verantwortlich durch und pflegst die relevanten Stammdaten und Verrechnungsschlüssel nach Selbstkostenprinzip.
Du bereitest Entscheidungsgrundlagen, Risiken und Fortschritte adressatengerecht auf und berätst Management und Stakeholder auf Augenhöhe.

In der Zusammenarbeit überzeugst du mit Teamgeist, klarer Kommunikation und sicherem Auftreten im Stakeholder Management.
Mit analytischer und konzeptioneller Stärke verstehst du End to End Prozesse und findest pragmatische, lösungsorientierte Wege.
Du besitzt fundierte Kenntnisse in SAP – idealerweise sowohl in R/3 als auch in S/4HANA – insbesondere in den Modulen CO und FI. Zudem hast du Erfahrung in der Anwendung von Controlling-Standards und Manuals sowie in der Beurteilung komplexer Geschäftsfälle.
Einen Hochschulabschluss in Betriebswirtschaft mit Vertiefung Finanzen oder eine Weiterbildung als Expert:in Rechnungslegung und Controlling setzen wir voraus. Zudem verfügst du über mehrjährige Erfahrung in Controlling und Accounting sowie im Umgang mit komplexen Werteflüssen und Governance-Themen.
Du beherrschst Deutsch auf Niveau C2 und bringst idealerweise eine weitere Landessprache auf Niveau A1 mit."
crawl_004,Programmmanager (m/w/d) Region Mitte,SBB AG,Bern,Schweiz,https://jobs.sbb.ch/v2/offene-stellen/programmmanager-m-w-d-region-mitte/43dbbcdd-e705-44d2-a74e-731eeae48b03,"Als Programm Manager:in verantwortest du die Umsetzung der Erweiterungsvorhaben des Schienennetzes in der Region Mittelland.
Du steuerst dein regionales Portfolio im Planungsdreieck zwischen Infrastruktur, Angebot und Rollmaterial.
Du stellst die regelmäßige und angemessene Information der internen und externen Stakeholder sicher.
In internen und externen Gremien vertrittst du die Interessen der Erweiterungsvorhaben und erstellst dazu die notwendigen Entscheidungsgrundlagen.
Darüber hinaus führst du das Risikomanagement und leitest frühzeitig Massnahmen zur Steuerung ein.

Du besitzt die Fähigkeit zur systematischen und kreativen Problemlösung und verstehst es, komplexe Zusammenhänge rasch zu erfassen und stufengerecht darzustellen.
Im Umgang mit unseren Partnern hast du ein sicheres Auftreten und verstehst es, die SBB angemessen zu repräsentieren. Du verfügst über Verhandlungsgeschick mit öffentlichen Ämtern und bringst ein hohes Verständnis für politische Prozesse mit.
Eine breite bahnbetriebliche Ausbildung oder einen Hoch-/Fachhochschulabschluss in einem betriebswirtschaftlichen oder technischen Bereich setzen wir voraus.
Du kennst die Besonderheiten der Bahninfrastruktur und verfügst idealerweise über fundierte Kenntnisse des Bahnbetriebs, der Angebotsplanung sowie der Planung, Projektierung und Ausführung von Infrastrukturprojekten der Bahn.
In Deutsch bist du verhandlungssicher. Gute Kenntnisse in einer anderen Landessprache sind von Vorteil."
crawl_005,Integrierte Ressourcenplaner:in (m/w/d),SBB AG,Bern,Schweiz,https://jobs.sbb.ch/v2/offene-stellen/integrierte-ressourcenplaner-in-m-w-d/c0b65cf1-94dd-4abd-ba02-85f0cc19ae17,"Erstellung der operativen Schichtplanung für den Gotthard- (GBT) und den Ceneri-Basistunnel (CBT) mit Unterstützung von IT-Tools und in Absprache mit dem Projektleiter der Koordination.
Die gesamte Planung in Absprache mit AVOR koordinieren, zum gegebenen Zeitpunkt die Schichtplanung definitiv klären und die entsprechenden Stellen (AVOR, Logistik, TFF, AL etc.) mit der Umsetzung beauftragen.
In der Rolle des Schichtleiters leiten Sie die Ausführung der Arbeitsstellen der geplanten Schichten (in Abstimmung mit den Kollegen auf der anderen Seite des Tunnels) unter Einhaltung der Regeln, Prozesse und Vereinbarungen der SBB.
Sie leiten die Gesamtplanung einer Schicht, optimieren die Ressourcen (v.a. Fahrzeuge, Mitarbeitende, Intervalle) und die indirekten Kosten und sind verantwortlich und setzen bei Problemen während einer Schicht die ersten Massnahmen um, um die Ausführung (aber auch die Planung) der nächsten Schicht sicherstellen zu können.
Übernimmt im Ereignisfall die Koordinationsrolle und arbeitet gemäss den geltenden Prozessen mit den entsprechenden Betriebs- und Interventionsstellen zusammen.
Sicherstellung der AVOR-Tätigkeit für die Kanalreinigung im GBT und CBT.

Ausbildung zum Techniker TS oder gleichwertiger Abschluss, vorzugsweise im Bereich Mechanik, Elektrik oder Informatik.
Sie haben eine hohe Sozialkompetenz und vor allem eine sehr gute Teamfähigkeit, Selbstorganisation und -initiative sowie ein vernetztes Denken.
Ausgezeichnete Kenntnisse des Bahnwesens, sowohl in den multidisziplinären Komponenten der Bahnanlagen als auch in den entsprechenden Reglementen und Prozessen, werden in der Auswahlphase von Vorteil sein.
Sehr gute Kenntnisse der italienischen und/oder deutschen Sprache mit guten Kenntnissen der jeweils anderen Sprache in Wort und Schrift.
Sie denken und handeln multidisziplinär, sind es gewohnt, Prioritäten zu setzen und bleiben in hektischen Situationen ruhig.
Überzeugungskraft, Kommunikationsfähigkeit und Flexibilität."
crawl_006,Fachtechniker:in Instandhaltung,SBB AG,Bern,Schweiz,https://jobs.sbb.ch/v2/offene-stellen/fachtechniker-in-instandhaltung/e19c9607-2528-49d7-8814-7a1cb9c965f9,"Du stellst die Betriebsbereitschaft der gesamten technischen Infrastruktur sicher und ermöglichst einen verlässlichen Anlagenbetrieb.
Mit Wartungs- und Inspektionsarbeiten an Anlagen und Gebäuden trägst du massgeblich zu deren zuverlässiger Verfügbarkeit bei.
Zusätzlich bist du für die Betreuung und Koordination externer Dienstleister zuständig, die in unserem Werk und unserer Serviceanlage an den von ihnen gelieferten Anlagen Garantie- oder Wartungsarbeiten durchführen
Störungen an pneumatischen, hydraulischen und elektromechanischen Systemen analysierst du mithilfe technischer Beschreibungen, Schemata, Betriebs- und Einsatzdaten, Mess- und Testgeräten sowie anhand von Erfahrungswerten.
Du erstellst gelegentlich Anleitungen und Dokumentationen und unterstützt damit den Wissensaustausch im Team.
Je nach Eignung und Interesse übernimmst du die Stellvertretung des Disponenten oder des Teamleiters.

Du legst Wert auf Abwechslung, Selbstständigkeit und technische Herausforderungen und hast Freude an der Instandhaltung?
Du kannst technische Schemata und Unterlagen sicher lesen oder bist bereit, dir diese Fähigkeit anzueignen.
Für diese anspruchsvolle Tätigkeit hast du bereits mehrere Jahre Berufserfahrung gesammelt.
Mit einer abgeschlossenen Berufslehre EFZ als Mechatroniker:in, Elektriker:in, Automatiker:in, Polymechaniker:in, Anlagen- und Apparatebauer:in oder einer vergleichbaren Ausbildung bist du ideal auf diese Position vorbereitet.
Eine Weiterbildung als Instandhaltungsfachmann:fachfrau ist von Vorteil.
Idealerweise verfügst du bereits über die eingeschränkte Installationsbewilligung nach Art. 15 oder bist bereit, diese zu erwerben.
Du verfügst über sehr gute Deutsch- und/oder Französischkenntnisse in Wort und Schrift."
crawl_007,Diagnostiker:in / Fahrzeugdiagnostiker:in,SBB AG,Bern,Schweiz,https://jobs.sbb.ch/v2/offene-stellen/diagnostiker-in-fahrzeugdiagnostiker-in/61eee894-debb-42ef-9fa4-521a18ef6708,"Als Fahrzeugdiagnostiker:in erstellst du mit modernen Diagnosegeräten präzise Störungsdiagnosen am Rollmaterial des Personenverkehrs.
Es bereitet dir Freude, Störungsdiagnosen während des Betriebes und in Stillstandzeiten durchzuführen.
Du bringst dich aktiv in Projekte ein, die die Verfügbarkeit unserer Züge erhöhen und Störungszeiten minimieren.
Zusätzlich übernimmst du gerne standortspezifische Aufgaben und gestaltest so den Betrieb vor Ort mit.

Du zeichnest dich durch analytische Fähigkeiten, eine rasche Auffassungsgabe sowie vernetztes Denken aus und triffst gerne eigenverantwortliche Entscheidungen. Zur Förderung deiner fachlichen Entwicklung bist du bereit, eine gezielte Ausbildung zu absolvieren.
Sehr gute Deutschkenntnisse in Wort und Schrift (C1) runden dein Profil ab. Kenntnisse einer zweiten Landessprache sind von Vorteil. Deine guten IT-Kenntnisse helfen dir täglich dabei, Rapporte zu verfassen und deine Arbeit lückenlos zu dokumentieren.
Du bist offen für Nacht- und Schichtarbeit und im Besitz des Führerausweis Kat. B.
Für diese Stelle benötigst du eine abgeschlossene Berufslehre in technischer oder elektrischer Richtung, vorzugsweise Automobilmechatroniker:in, Polymechaniker:in, Automatiker:in, Automobildiagnostiker:in oder Elektroinstallateur:in mit beruflicher Praxis."
crawl_008,Transport Logistiker:in,SBB AG,Bern,Schweiz,https://jobs.sbb.ch/v2/offene-stellen/transport-logistiker-in/babf39cd-023e-4853-a04d-8ef7799ee566,"Als Logistiker:in sortierst du das Reisegepäck, Pakete und Briefe für unsere Kundinnen und Kunden.
Diese Sendungen lädst du in Züge und Lieferwagen um.
Mit unseren Strassenfahrzeugen transportierst du die Sendungen an den Zielort.
Als Service transportierst du das Reisegepäck unserer Kundinnen und Kunden von Tür zu Tür.
Du platzierst Werbeplakate in unseren Zügen.

Du zeichnest dich durch Verlässlichkeit, Flexibilität und eine lösungs- sowie zielorientierte Arbeitsweise aus. Dein Engagement und deine aufgeschlossene Persönlichkeit runden dein Profil perfekt ab.
Ein ausgeprägtes Bewusstsein für Arbeitssicherheit ist für dich selbstverständlich, und du arbeitest stets kunden- und qualitätsorientiert.
Um diesen Job optimal ausführen zu können, bringst du eine abgeschlossene Grundausbildung als Logistiker:in EBA oder Chauffeur mit und/oder verfügst über mindestens 5 Jahre Erfahrung in der Logistik.
Du besitzt zwingend den Führerschein der Kategorie B sowie von Vorteil einen Staplerausweis.
Die deutsche Sprache beherrschst du gut in Wort und Schrift (mindestens Niveau B1).
Du bist bereit, im Schichtbetrieb und an Wochenenden zu arbeiten (Montag bis Sonntag zwischen 5.00-23.00 Uhr)."
crawl_009,IT Service Manager (m/w/d),SBB AG,Bern,Schweiz,https://jobs.sbb.ch/v2/offene-stellen/it-service-manager-m-w-d/9510185b-69e6-4715-9745-e0f076cd7f48,"Als IT Service Manager entwickelst du IT-Betriebsprozesse gezielt weiter und stellst sicher, dass sie künftigen Anforderungen gerecht werden und den stabilen Betrieb der digitalen Services unterstützen.
In der Rolle als EMoD (Escalation Manager on Duty) übernimmst du die Koordination bei IT Grossstörungen und steuerst die strukturierte und wirkungsvolle Störungsbehebung mit klarem Fokus auf Business Impact. Die Rolle EMoD ist wochenweise im Turnus 7x24h im Einsatz. 
Dabei sorgst du für eine zeit-, adressatengerechte und transparente Kommunikation über geeignete Kanäle und hältst alle Beteiligten auf dem Laufenden.
Gemeinsam mit Digital Services und externen Providern koordinierst du End to End Massnahmen und stimmst Schnittstellen, Plattformen, Netzwerke und Applikationen aufeinander ab.

In einem kooperativen Teamumfeld arbeitest du vertrauensvoll mit internen und externen Stakeholdern zusammen, verfügst über eine sehr hohe Sozialkompetenz und handelst service- und kundenorientiert. 
Mehrjährige Erfahrung im Incident Management sowie mit IT-Service-Management-Frameworks wie ITIL. 
Eine Ausbildung oder Weiterbildung in Informatik auf Stufe HF oder FH oder eine gleichwertige Qualifikation. 
Dank ausgeprägter Analysefähigkeit, schneller Auffassungsgabe und sicherem Auftreten triffst du auch unter hoher Belastung fundierte Entscheidungen. 
Du verfügst über ein breites IT-Verständnis zu Plattformen, Netzwerken und Applikationen und arbeitest routiniert mit Dienstleistern zusammen. 
Du beherrschst Deutsch auf Niveau C2 sowie Englisch mindestens auf Niveau B2."
crawl_010,Teamleiter:in Produktion (Reparatur und Instandhaltung),SBB AG,Bern,Schweiz,https://jobs.sbb.ch/v2/offene-stellen/teamleiter-in-produktion-reparatur-und-instandhaltung/5dd3bf73-1275-4d3e-84cd-1614ee5f0c8c,"Als Teamleiter:in Produktion verantwortest du die personelle und fachliche Führung von 14 Mitarbeitenden im Regionalen Bahntechnik Center in Dulliken.
Zusammen mit deinem Team bist du zuständig für das Prüfen und Unterhalten von Erdungsstangen, Spannungsprüfern und Leistungstransformatoren der Bahnstromanlage sowie für den Unterhalt und die Reparatur der Betriebsmittel.
Du leitest anspruchsvolle Projekte (z. B. Werkstatt- und Prozessoptimierungen, Automatisierungs- und Digitalisierungsprojekte), entwickelst Prozesse, dokumentierst Arbeitsanweisungen und sorgst für nachhaltigen Wissenserhalt und -transfer im Team.
Du bist die erste Anlaufstelle für unsere Partner, koordinierst die Dienstleistungen und das Portfolio der elektrischen Werkstatt und motivierst und förderst die Weiterentwicklung deines Teams nach den Führungsgrundsätzen der SBB.
Ebenfalls leitest und organisierst du den Arbeitsablauf, überwachst die Erledigung der Arbeiten sowie das Budget und die Produktivität und es bereitet dir Freude, dich aktiv an den Weiterentwicklungen übergeordneter Themen und Projekte einzubringen, um die Dienstleistungen der elektrischen Werkstatt nach Kaizen/Lean zu verbessern und die Schnittstellenkomplexität zu den Partnern zu reduzieren.

Du bist eine überzeugende und integrierende Persönlichkeit mit hoher Kommunikationskompetenz, Durchsetzungs- und Macherqualitäten. Gute strategisch-konzeptionelle Fähigkeiten sowie analytisches und kreatives Denkvermögen runden dein Profil ab.
Mit deiner gewinnenden und dynamischen Art fällt es dir leicht in einem sehr komplexen Umfeld neue Lösungen anzustossen und zu verfolgen.
Du hast mindestens 5 Jahre Führungserfahrung im Bereich Produktion und bist versiert im Erarbeiten und Optimieren von Prozessen sowie dem Erstellen von Reportings. Deine guten MS-Office und SAP-Kenntnisse kannst du täglich anwenden. Zudem hast du Erfahrung mit Wartungsplanung, Prüf- und Qualitätsdokumentation.
Eine abgeschlossene Berufsausbildung im Bereich Elektronik, Mechatronik, Maschinenbau oder ähnlichem und einer Weiterbildung HF oder dergleichen. Ein Bachelor in Wirtschaft oder Technik wäre wünschenswert.
Sehr gute mündliche und schriftliche Deutschkenntnisse, gute Französischkenntnisse (Niveau B2) sind für diese Funktion wünschenswert."
crawl_011,Application Engineer für Visualisierung (m/w/d),SBB AG,Bern,Schweiz,https://jobs.sbb.ch/v2/offene-stellen/application-engineer-fuer-visualisierung-m-w-d/69d8e83c-c39c-4055-b5da-b9f6f3538bd4,"In Zusammenarbeit mit internen SBB-Stakeholder:innen gestaltest du die BI-Lösung der Zukunft mit.
Bestehende und zukünftige BI-Lösungen evaluierst du und unterstützt gegebenenfalls die Einführung neuer Ansätze.
IT und Fachbereiche stärkst du durch gezieltes Enabling zu Best Practices für bestehende und zukünftige BI-Lösungen.
BI-User:innen betreust du bei Supportanfragen zu Power BI, SAC und BusinessObjects, löst diese eigenständig und trägst zur Sicherstellung des zuverlässigen Betriebs unseres BI-Portfolios bei.

Mit ausgeprägter Kundenorientierung und schneller Auffassungsgabe bringst du Coaching- und Enablement-Erfahrung mit und agierst souverän mit BI-Lösungen. Dabei arbeitest du selbstständig, lösungsorientiert und mit hohem Qualitätsanspruch.
Fundierte methodische und technische BI-Kenntnisse bringst du mit, mindestens drei Jahre Praxis mit einer oder mehreren BI-Technologien (z. B. Power BI, SAC) sowie Erfahrung im Betrieb und Support.
Du bringst Neugier gegenüber aktuellen Entwicklungen in AI mit und hast Erfahrung im Change-Management zur Förderung der Akzeptanz zukünftiger BI-Lösungen.
Du verfügst über grundlegende BI-/Analytics-Architekturkenntnisse und Governance-Know-how, das du zielsicher einsetzt."
crawl_012,"Disponent:in Personaleinsatz ""Fahrgastzählung""",SBB AG,Bern,Schweiz,https://jobs.sbb.ch/v2/offene-stellen/disponent-in-personaleinsatz-fahrgastzaehlung/536e061d-5674-400e-bd41-f3b3cb89b470,"Als Personaldisponent:in planst und disponierst du die Einsätze von rund 18 Kontrollzähler:innen und sorgst für einen wirtschaftlichen und bedarfsgerechten Personaleinsatz.
Die termingerechte und qualitativ hochwertige Durchführung der Kontrollzählungen stellst du sicher und unterstützt bei der Auswertung der erhobenen Daten.
Als fachliche Ansprechperson begleitest und instruierst du die Kontrollzähler:innen in ihrem Arbeitsalltag.
Die Arbeitszeit- und Spesenerfassung der Kontrollzähler:innen führst du zuverlässig und selbstständig.
Du koordinierst die Durchführung der Zählaufträge, überwachst deren Ausführung und stellst den Rücklauf der Erhebungsdaten sicher.
Mit deinem Fachwissen bringst du dich aktiv in die Weiterentwicklung von Prozessen und Systemen ein und arbeitest in Projekten sowie Arbeitsgruppen mit.

In deiner Rolle als Disponent:in denkst du vernetzt und analytisch, arbeitest lösungsorientiert und überzeugst durch deine strukturierte Arbeitsweise sowie dein Organisationstalent.
In einem dynamischen Umfeld behältst du den Überblick und bringst die nötige Durchsetzungsfähigkeit mit, um unterschiedliche Anspruchsgruppen erfolgreich zu koordinieren.
Mindestens zwei Jahre Erfahrung in der Disposition zeichnen dich aus. Kenntnisse der SBB, des öffentlichen Verkehrs oder des operativen Betriebs sind von Vorteil.
Du verfügst über eine kaufmännische Grundausbildung oder eine vergleichbare Ausbildung. Eine Weiterbildung im kaufmännischen Bereich, beispielsweise ein Fachausweis, ist von Vorteil.
Du arbeitest sicher mit MS Office, insbesondere Excel. Kenntnisse von CERES oder SAP sind von Vorteil.
Sehr gute Deutschkenntnisse (mindestens Niveau C1) und gute Französischkenntnisse (mindestens Niveau B2) runden dein Profil ab."
crawl_013,"Spezialmonteur:in Kabel, Spleisser:in, Elektroinstallateur:in, Elektriker:in, Mechaniker:in",SBB AG,Bern,Schweiz,https://jobs.sbb.ch/v2/offene-stellen/spezialmonteur-in-kabel-spleisser-in-elektroinstallateur-in-elektriker-in-mechaniker-in/3a885cd7-35b6-4282-bab1-ec9c26ce4f6a,"Du übernimmst die Verantwortung für Unterhalt und Erneuerung der Kabelanlagen unserer Infrastruktur und leistest so einen wichtigen Beitrag zu Sicherheit, Qualität und Verfügbarkeit der Anlagen.
Unterhalts-, Erneuerungs- und Sanierungsarbeiten an Kabeltrassen und in Kabelschächten führst du selbstständig und im Team aus.
Externe Dienstleister leitest du fachlich an und berätst sie, und du koordinierst Material sowie Lieferungen auf der Baustelle.
Du baust und wartest Mastfundamente zuverlässig.
Ausgeführte Arbeiten rapportierst du und du erfasst deine Arbeitszeiten und Spesen.
Als Sicherheitschef:in überwachst du die Sicherheitsmassnahmen gemäss Sicherheitsdispositiv und bei Interesse übernimmst du Einsätze als Sicherheitswärter:in nach entsprechender Schulung.

Du bringst hohe Verantwortungsbereitschaft und ausgeprägtes Sicherheitsbewusstsein mit und arbeitest gern bei jeder Witterung im Freien.
Du verfügst gemäss unseren Sicherheitsvorgaben über einen guten Gesundheitszustand mit uneingeschränktem Hör- und Sehvermögen.
Idealerweise bringst du Erfahrung als Sicherheitswärter:in mit oder du bist bereit, die Ausbildung zu absolvieren und bei Bedarf Einsätze zu übernehmen.
Einen Führerausweis Kategorie B hast du, mit Vorteil auch Kategorie BE, oder du bist bereit, diesen zu erwerben für Materialtransporte und Einsätze mit Anhänger.
Mit digitalen Arbeitsmitteln gehst du sicher um und du nutzt Smartphone, Tablet und Office-Anwendungen im Alltag.
Du verfügst über eine abgeschlossene Grundausbildung mit EFZ als Landschaftsgärtner:in, Maurer:in, Tiefbauer:in oder Verkehrswegbauer:in und du kommunizierst sicher auf Deutsch in Wort und Schrift."
crawl_014,"Techniker:in Sicherungsanlagen Aussen, Produktionsmechaniker:in, Polymechaniker:in, Schlosser:in",SBB AG,Bern,Schweiz,https://jobs.sbb.ch/v2/offene-stellen/techniker-in-sicherungsanlagen-aussen-produktionsmechaniker-in-polymechaniker-in-schlosser-in/4cfc001b-9a31-4018-8a9f-59ef5eed5eac,"Du führst selbstständig Arbeiten aus in der Montage/Demontage von Anlagen gemäss Projekt. Unterhaltstätigkeiten an den im Betrieb stehenden SA-Aussenanlagen (Weichen, Signale, Gleisfreimeldesysteme, Zugsbeeinflussung, ETCS, Weichenheizung) gehören ebenfalls zu deinem Aufgabengebiet.
Entstörung von Bahnanlagen im Rahmen der Pikettorganisation führst du selbstständig durch.
Du rapportierst mit den neuesten Systemen und Programmen die ausgeführten Arbeiten und arbeitest mit an der Nachführung der Dokumente.

Die Bereitschaft für Pikettdienst, Nachtarbeit und Wochenendarbeit sowie die Sicherheitsausbildungen zum Sicherheitschef:in RTE 20100.
Du verfügst zwingend über eine abgeschlossene Berufslehre EFZ als Produktionsmechaniker:in, Schlosser:in, Polymechaniker:in oder in ähnlicher handwerklicher Richtung.
Bereitschaft zur Absolvierung der einjährigen berufsbegleitenden internen Ausbildung zur Techniker:in Sicherungsanlagen Aussenbereich. Die SBB übernimmt dafür vollständig Zeit und Kosten. 
Gültiger Führerausweis der Kategorie B sowie sehr gute Deutschkenntnisse in Wort und Schrift auf mindestens B2-Niveau werden vorausgesetzt."
crawl_015,"Landschaftsgärtner:in, Maurer:in oder Strassenbauer:in für den Bereich Kabel Tiefbau",SBB AG,Bern,Schweiz,https://jobs.sbb.ch/v2/offene-stellen/landschaftsgaertner-in-maurer-in-oder-strassenbauer-in-fuer-den-bereich-kabel-tiefbau/29c598f5-754e-4abc-848d-c6901ce7eb3a,"Deine Hauptaufgabe als Fachtechniker/in Kabel Tiefbau ist das selbständige Planen, installieren und Überwachen von Kabeltrassen und Kabelschächten, sowie ausführen von Kabelzügen sämtlicher bahntechnischen Kabeln
Du führst selbständig Reparaturen an Schachtdeckeln und Sanierungsarbeiten an Kabelschächten durch, sowie Störungsbehebungen an Kabelinfrastrukturen und stellst deren ordnungsgemässe Funktion wieder sicher. Du erstellst die Arbeitsplanung, rapportierst die ausgeführten Arbeiten und erfasst Arbeitszeiten sowie Spesen
Weiter bedienst du instruierte Maschinen, Apparate und Arbeitsmittel, führst entsprechende Instruktionen durch und arbeitest als Sicherheitschef:in, um eine fachgerechte und sichere Ausführung der Aufgaben zu gewährleisten.
Als Fachtechniker bereitest du Arbeitsstellen vor und stellst Materialien bereit für die zugeteilten Arbeiten bzw. Baustellen, bei denen du ebenfalls damit die Einhaltung der Sicherheits- und Qualitätsstandards sicherstellst.
Du übernimmst die fachliche Führung von Mitarbeitenden und Dritten auf den verschiedenen Arbeitsstellen.
Die Funktion kann auch Nachtdienst- und Wochenendarbeiten sowie Sondereinsätze im Störungsfall und Winterdienst beinhalten.

Dein hohes Verantwortungs- und Sicherheitsbewusstsein ermöglichen es dir, dich gut und fundiert in deine neue Tätigkeit im SBB-Umfeld einzuarbeiten. Du freust dich, bei jeder Jahreszeit Arbeiten im Freien zu erledigen.
Erhöhte Belastbarkeit, sowohl physisch als auch psychisch.
Einen Fähigkeitsausweis (EFZ) als Landschaftsgärtner oder Maurer / Strassenbau setzen wir voraus.
Um die Funktion ausüben zu können, setzen wir voraus, dass die interne Ausbildung zum Sicherheitschef (bei Bedarf Sicherheitswärter:in) erfolgreich absolviert wird. Nachtschichten oder einzelne Wochenendschichten (nicht regelmässig), Störungsfall und Winterdienst werden mit Zulagen in Form von Zeit und Geld separat vergütet.
Dein Wohnort liegt in der Nähe deines Arbeitsortes.
Du besitzt den Führerausweis Kategorie B (mit Erfahrung im handgeschaltenen Getriebe und Kat. BE von Vorteil). Deine Sprachkenntnisse in Deutsch sind mindestens auf dem Niveau A2."
crawl_016,"Landschaftsgärtner:in, Maurer:in oder Strassenbauer:in für den Bereich Kabel Tiefbau",SBB AG,Bern,Schweiz,https://jobs.sbb.ch/v2/offene-stellen/landschaftsgaertner-in-maurer-in-oder-strassenbauer-in-fuer-den-bereich-kabel-tiefbau/2a87bc4c-90fb-40f6-8a9c-acfaabe9c97e,"Deine Hauptaufgabe als Fachtechniker/in Kabel Tiefbau ist das selbständige Planen, installieren und Überwachen von Kabeltrassen und Kabelschächten, sowie ausführen von Kabelzügen sämtlicher bahntechnischen Kabeln
Du führst selbständig Reparaturen an Schachtdeckeln und Sanierungsarbeiten an Kabelschächten durch, sowie Störungsbehebungen an Kabelinfrastrukturen und stellst deren ordnungsgemässe Funktion wieder sicher. Du erstellst die Arbeitsplanung, rapportierst die ausgeführten Arbeiten und erfasst Arbeitszeiten sowie Spesen
Weiter bedienst du instruierte Maschinen, Apparate und Arbeitsmittel, führst entsprechende Instruktionen durch und arbeitest als Sicherheitschef:in, um eine fachgerechte und sichere Ausführung der Aufgaben zu gewährleisten.
Als Fachtechniker bereitest du Arbeitsstellen vor und stellst Materialien bereit für die zugeteilten Arbeiten bzw. Baustellen, bei denen du ebenfalls damit die Einhaltung der Sicherheits- und Qualitätsstandards sicherstellst.
Du übernimmst die fachliche Führung von Mitarbeitenden und Dritten auf den verschiedenen Arbeitsstellen.
Die Funktion kann auch Nachtdienst- und Wochenendarbeiten sowie Sondereinsätze im Störungsfall und Winterdienst beinhalten.

Dein hohes Verantwortungs- und Sicherheitsbewusstsein ermöglichen es dir, dich gut und fundiert in deine neue Tätigkeit im SBB-Umfeld einzuarbeiten. Du freust dich, bei jeder Jahreszeit Arbeiten im Freien zu erledigen.
Erhöhte Belastbarkeit, sowohl physisch als auch psychisch.
Einen Fähigkeitsausweis (EFZ) als Landschaftsgärtner oder Maurer / Strassenbau setzen wir voraus.
Um die Funktion ausüben zu können, setzen wir voraus, dass die interne Ausbildung zum Sicherheitschef (bei Bedarf Sicherheitswärter:in) erfolgreich absolviert wird. Nachtschichten oder einzelne Wochenendschichten (nicht regelmässig), Störungsfall und Winterdienst werden mit Zulagen in Form von Zeit und Geld separat vergütet.
Dein Wohnort liegt in der Nähe deines Arbeitsortes.
Du besitzt den Führerausweis Kategorie B (mit Erfahrung im handgeschaltenen Getriebe und Kat. BE von Vorteil). Deine Sprachkenntnisse in Deutsch sind mindestens auf dem Niveau A2."
crawl_017,Spezialist:in Baugesuche und raumplanerische Vernehmlassungen,SBB AG,Bern,Schweiz,https://jobs.sbb.ch/v2/offene-stellen/spezialist-in-baugesuche-und-raumplanerische-vernehmlassungen/efea8c76-1b5f-4530-8b45-12c88f06cd9c,"In dieser spannenden Rolle verantwortest du die frist- und prozessgerechte Abwicklung der internen Vernehmlassungen von Bauvorhaben Dritter und raumplanerischen Vorlagen.
Mit den internen Schnittstellen arbeitest du eng zusammen und unterstützt sie bei der Beurteilung von raumplanerischen Massnahmen und stellst die notwendigen Informationen sicher.
Dank deiner Erfahrung bearbeitest und verfasst du Gesuche sowie Stellungnahmen professionell sowie effizient und bewahrst auch bei hohem Arbeitsvolumen stets den Überblick.
Zu den Behörden, Ämtern und Grundeigentümern pflegst du einen regelmässigen Kontakt – vorwiegend telefonisch und schriftlich und vertrittst und wahrst die Interessen der SBB im Rahmen von Bauvorhaben Dritter und raumplanerischen Vorlagen.
Du unterstützt bei der Erkennung von möglichen Potentialen der eigenen Grundstücke.

Du bist ein Organisationstalent, welches sich für unterschiedliche Themen begeistern kann und verstehst es, eigeninitiativ zu handeln. Auch in hektischen Phasen behaltest du stets die Ruhe und den Überblick.
Teamwork ist der Schlüssel zum Erfolg. Eine hervorragende Teamfähigkeit setzen wir deshalb voraus.
Als kommunikative Persönlichkeit mit einem gewinnenden Auftreten legst du grossen Wert auf eine adressatengerechte Kommunikation. Mit deinem Durchsetzungsvermögen fällt es dir leicht, mit Menschen umzugehen oder die eigenen Argumente zu präsentieren und zu vertreten.
Da sämtliche Anweisungen und Dokumentationen elektronisch sind, bringst du sehr gute IT-Kenntnisse (MS-Office und SAP) mit und hast Freude im Umgang mit den gängigen Programmen.
Du verfügst über einen Abschluss als Kauffrau:mann EFZ oder als Raumplaner:in. Erfahrungen in einem Bausekretariat oder Grundbuchamt sowie Kenntnisse im Baurecht oder in der Raumplanung erleichtern dir den Einstieg in diese Rolle.
In Deutsch bist du verhandlungssicher, gute Französischkenntnisse stellen ein Plus dar."
crawl_018,"System- und Prüfingenieur:in ""Klimatechnik und Versuche""",SBB AG,Bern,Schweiz,https://jobs.sbb.ch/v2/offene-stellen/system-und-pruefingenieur-in-klimatechnik-und-versuche/b2cfee82-648f-4c33-a1eb-3533e8c9e997,"Als System- und Prüfingenieur:in Klimatechnik gestaltest du die Klimaanlagensysteme der Bestands- und Neuflotten mit Fokus auf kältetechnische Komponenten und übernimmst Verantwortung im technischen Anforderungsmanagement.
Du analysierst Anforderungen, bewertest Änderungen und koordinierst deren Umsetzung unter Berücksichtigung von Systemintegrität und regulatorischen Vorgaben. Dabei begleitest du die Weiterentwicklung der Systeme über den gesamten Lifecycle, führst technisches Monitoring und verantwortest Freigaben bei Abweichungen.
Deine Aufgaben umfassen auch die Erstellung und Prüfung von Instandhaltungsvorgaben, technische Unterstützung im Betrieb sowie die Bewertung der Wartungsfreundlichkeit – inklusive Probezerlegungen und Nutzung prädiktiver Wartungsdaten.
In der Prüfstelle in Olten betreust du Versuche, installierst Messtechnik und wirkst von der Vorbereitung bis zur Auswertung mit. Du arbeitest eng mit internen Stellen, Lieferanten und Behörden zusammen und übernimmst fachliche Leitung in übergreifenden technischen Themen.

Du arbeitest strukturiert, praxisnah und lösungsorientiert, bringst hohe Eigeninitiative mit und überzeugst durch Teamfähigkeit, Zuverlässigkeit sowie eine wertschätzende und zielgerichtete Kommunikation.
Du verfügst über fundierte Kenntnisse in Heizungs-, Lüftungs-, Klima- und Kältetechnik sowie idealerweise über bahnspezifisches Wissen. Erfahrung in Projektleitung sowie im Umgang mit Prüf- und Messtechnik von der Planung bis zur Auswertung runden dein Profil ab.
Eine technische Ausbildung (Umwelt-, Elektro-, Automationstechnik) mit entsprechender Weiterbildung (TS, FH, Uni) oder gleichwertiger Qualifikation wird vorausgesetzt.
Deutschkenntnisse auf Muttersprachenniveau (C2), gute Englischkenntnisse (min. B1) sowie Französisch oder Italienisch sind von Vorteil."
crawl_019,Fachspezialist:in Sicherheitsnachweisführung ETCS L2,SBB AG,Bern,Schweiz,https://jobs.sbb.ch/v2/offene-stellen/fachspezialist-in-sicherheitsnachweisfuehrung-etcs-l2/ad0e59c2-a04c-4034-927f-7bed4126af88,"Als Fachspezialist:in Sicherheitsnachweisführung begleitest du ETCS L2-Projekte in der ganzen Schweiz von der Studie bis zur Inbetriebnahme und unterstützt die Projektleitenden bei Entscheidungen, um eine vorgabenkonforme und sichere ETCS L2-Anlage zu planen.
Im Rahmen von Anlagen- oder Änderungsprojekten ETCS L2 bist du Ansprechperson für die Sicherheit sowie die Nachweisführung im Projekt und in dieser Rolle auch für die Erstellung der Sicherheitsnachweise verantwortlich.
Du bewertest die Risiken im Projekt hinsichtlich Einhaltung der Sicherheitsziele und erstellst Risikoanalysen bzw. passt die generischen Risikoanalysen auf die spezifischen Anlagen an.
Die termingerechte Bereitstellung der Anlagendokumentation wird von dir übernommen.
Verbesserungsvorschläge bringst du aktiv ein und unterstützt den Fachbereich Sicherheitsnachweisführung bei der Weiterentwicklung.
Als Teil des Kompetenzcenters bist du Ansprechpartner:in für die Kolleg:innen aus allen Regionen und unterstützt diese bei fachlichen Fragen.

Ein gutes analytisches, konzeptionelles und logisch-abstraktes Denkvermögen zeichnen dich aus.
Du bist initiativ, arbeitest gerne mit unterschiedlichen Stakeholdern zusammen und verfügst über gute Kommunikationsfähigkeiten.
Ein ausgeprägtes Sicherheitsbewusstsein sowie eine sorgfältige Arbeitsweise sind für diese Aufgabe unerlässlich.
Um diese Aufgabe kompetent ausüben zu können, verfügst du über ein abgeschlossenes Hochschulstudium (Uni/FH) in einer technischen Fachrichtung wie z.B. Elektrotechnik oder einen gleichwertigen Abschluss.
Idealerweise hast du bereits einige Jahre Erfahrung in der Bahnbranche sammeln können und dir hierbei bereits Kenntnisse im Bereich ETCS L2 angeeignet. Alternativ erleichtern Erfahrungen im Bereich Qualitätsmanagement, Verifikation / Validierung oder Normenkenntnisse den Einstieg in die Welt der Bahnsicherungsanlagen.
Da die Vorgaben und Vorschriften in Deutsch formuliert sind, benötigst du zwingend sehr gute Deutschkenntnisse (mind. C1) sowohl mündlich als auch schriftlich. Kenntnisse in Französisch sind von Vorteil."
crawl_020,Technische:r Assistent:in Helpdesk,SBB AG,Bern,Schweiz,https://jobs.sbb.ch/v2/offene-stellen/technische-r-assistent-in-helpdesk/3b02d689-b7a7-4d0d-bb98-9b59d5f855de,"Bei Störungen am Fahrzeug leistest du versierten First‑Level‑Support, sodass das Zugpersonal Störungen wenn möglich selbstständig beheben kann.
Du stellst sicher, dass Interventionen im laufenden Betrieb erfolgreich durchgeführt werden können.
Mit präzisen Störungsmeldungen ermöglichst du effiziente Störungsbehebungen, auch wenn das Fahrzeug nicht sofort im laufenden Betrieb repariert werden kann.
Mit deinem Fachwissen sowie deiner unterstützenden und hilfsbereiten Art bist du ein wichtiges Zahnrad in unserem komplexen Betrieb.
Weil du in der Regel die erste Kontaktperson bist, trägst du zusätzlich dazu bei, dass sich unser Personal sicher und gut betreut fühlt.

Deine authentische, kundenorientierte und hilfsbereite Art sowie die Fähigkeit, auch unter Druck überlegt zu handeln, zeichnen dich aus.
Du hast gute technische Kenntnisse zum Rollmaterial und zum Betriebsablauf sowie Freude an der Anwendung von IT‑Systemen wie SAP, Diagnosetools und Bildtelefonie. Bei vorhandenen Kompetenzen als Fahrzeugdiagnostiker:in, Zugbegleiter:in oder Lokführer:in prüfen wir gerne Möglichkeiten für Ablösungen im bisherigen Tätigkeitsgebiet.
Bereitschaft zur Schichtarbeit sowie zur beruflichen und persönlichen Weiterentwicklung bringst du mit.
Gewünscht ist eine Ausbildung zur Kundenbegleiter:in, Lokführer:in, Instandhaltungstechniker:in bei der Bahn oder eine gleichwertige Ausbildung (z. B. dreijährige Lehre EFZ in technischer Richtung) sowie idealerweise einige Jahre Berufserfahrung.
Fliessende Deutschkenntnisse (C1) und gute Kenntnisse in Französisch oder Italienisch (B2)."
crawl_021,Elektroinstallateur:in,SBB AG,Bern,Schweiz,https://jobs.sbb.ch/v2/offene-stellen/elektroinstallateur-in/ca41cff7-f2df-4230-b6ae-9073c49cd378,"Du kümmerst dich um Bau-, Unterhalts- und Instandhaltungsarbeiten von Infrastrukturanlagen und leistest so einen wichtigen Beitrag zum reibungslosen Bahnverkehr.
Auf dich wartet ein abwechslungsreicher und vielfältiger Arbeitsalltag, vorwiegend Tagschichten an verschiedensten SBB-Bahnhöfen der Region Oberwallis.
Du stellst die Aus- und Inbetriebnahme von verschiedenen Sicherungsanlagen sicher – von elektronischen Stellwerkanlagen bis zu Relais-Stellwerken.
Durch deine systematische Herangehensweise erkennst und meldest du die Unregelmässigkeiten und Mängel und stösst deren Behebung sowie die Weiterentwicklung an. 
Du durchläufst eine zweijährige interne Ausbildung zur Sicherungsanlagen Technikerin / zum Sicherungsanlagen Techniker. Hier wirst du geschult, Störungen an den Innenanlagen selbständig zu lokalisieren und zu beheben.
Mit deinem neu erlernten Fachwissen und deiner Erfahrung lokalisierst und behebst du im Pikettdienst Störungen an den Sicherheitsanlagen selbständig.

Sicherheit steht bei dir an erster Stelle. Um diese zu gewährleisten, setzen wir ein uneingeschränktes Hör- und Sehvermögen voraus, um bei Einsätzen im Gleisbereich wichtige akustische und visuelle Signale erkennen zu können.
Du engagierst dich in unserer Organisation wie auch im Team und übernimmst Verantwortung.
Arbeiten in Innenräumen, sowie im Gleisbereich erachtest du als spannend.
Du verfügst über eine abgeschlossene vierjährige Grundausbildung als Elektroinstallateur:in EFZ.
Vereinzelnd unregelmässige Arbeiten oder Pikettdienst in der Nacht und an Wochenenden machen dir nichts aus.
Du verfügst über einen Führerausweis der Kat. B sowie über gute mündliche und schriftliche Deutschkenntnisse (mind B2)."
crawl_022,Kontrollzähler:in für automatische Fahrgastzählung,SBB AG,Bern,Schweiz,https://jobs.sbb.ch/v2/offene-stellen/kontrollzaehler-in-fuer-automatische-fahrgastzaehlung/ee241c1e-ad13-463d-b701-47c36922ea84,"In dieser spannenden Stelle führst du präzise Fahrgastzählungen in Zügen mit automatischer Fahrgastzählung zur Überprüfung der Systemqualität aus, dazu stehst du am Türportal und zählst die ein- und aussteigenden Personen.
Als Fahrgastzähler:in stehst du von Montag bis Freitag im Einsatz. Start und Ende deiner Einsätze sind jeweils in Lausanne zwischen 05.30 und 21.30 Uhr und erfolgen in ganzen Tagen.
Du gibst Auskünfte an Kunden und Kundinnen und hilfst ihnen, wenn nötig, beim Ein- und Aussteigen.
Zudem unterstützt du die Sauberkeit in den Zügen (beispielsweise durch Einsammeln von Zeitungen oder Melden von Verunreinigungen).

Eine freundliche Persönlichkeit zeichnet dich aus und von Vorteil bringst du Erfahrung im Kundenkontakt mit.
Du fühlst dich wohl und sicher im Umgang mit Smartphone, Apps und E-Mail, arbeitest präzise, zuverlässig und selbstständig.
Für diese Stelle verfügst du über eine allgemeine Berufserfahrung von mindestens einem Jahr. Wenn du zudem über Betriebskenntnisse der SBB verfügst, ist dies von Vorteil.
Französisch sprichst und schreibst du auf Niveau C1, Deutsch mindestens auf B1. Gute Sprachkenntnisse in weiteren Landessprachen oder Englisch sind ein Plus, welches wir sehr zu schätzen wissen."
crawl_023,Fachexperte:in Relaisstellwerke,SBB AG,Bern,Schweiz,https://jobs.sbb.ch/v2/offene-stellen/fachexperte-in-relaisstellwerke/5babcf42-f1a7-4770-9181-f61b73f7d3cf,"Als Fachexperte:in Relaisstellwerke leistest du einen massgebenden Beitrag, um die Sicherheit und Qualität bei Stellwerkprojekten zu garantieren.
Du beurteilst Projektierungen hinsichtlich der Einhaltung von Normen, Regelwerken und Standards.
Im Bereich der Relaisstellwerke beurteilst und projektierst du Schemas und Bauunterlagen.
Selbstständiges Engineering im Fachbereich Sicherungsanlagen und Zugbeeinflussung gehört zu deinem Aufgabenbereich.
Du unterstützt Stellwerkprojektleitende beratend bei der Sicherheitsnachweisführung und technischen Fragen zur Relaisstellwerktechnik.
Du baust kontinuierlich Wissen im Bereich der Stellwerktechnik und Sicherheitsnachweisführung auf und gibst diese weiter.

Hohe Sozialkompetenz und Teamfähigkeit zeichnen dich aus. Zudem hast du ein hohes Verantwortungsbewusstsein mit selbstständiger und sicherheitsorientierter Arbeitsweise.
Dein analytisches und vernetztes Denken ermöglicht dir technisch anspruchsvolle Aufgaben zu verstehen und zu lösen.
Du bringst Berufserfahrung im Bereich Stellwerktechnik mit, idealerweise in der Relaisstellwerktechnik und bist bereit, dein Wissen in diesem Bereich sowie in der Sicherheitsnachweisführung kontinuierlich zu erweitern und zu vertiefen.
Für diese Funktion bringst du ein Studium (FH/Uni/ETH) in Elektroingenieurwesen oder langjährige praktische Erfahrung im Gebiet der Relaisstellwerke mit.
Falls du nicht alle Anforderungen erfüllst oder zusätzliche Qualifikationen und Erfahrungen mitbringst, freuen wir uns dennoch auf deine Bewerbung. Bitte beachte jedoch, dass dies Auswirkungen auf das Anforderungsniveau haben kann und sich dieses gegebenenfalls ändert.
Verhandlungssichere Deutschkenntnisse (mind. C1) runden dein Profil ab. Weitere Landessprachen sind von Vorteil."
crawl_024,Quereinstieg Spezialist:in Bahnrettung der SBB Intervention,SBB AG,Bern,Schweiz,https://jobs.sbb.ch/v2/offene-stellen/quereinstieg-spezialist-in-bahnrettung-der-sbb-intervention/41d1d856-a1c0-4d3f-98bf-d9f628043567,"Im Alarmfall sowie bei Übungen rückst du als Lokführer:in mit dem Lösch- und Rettungszug mit deinem Team aus und sorgst für die Sicherheit unserer Kundinnen und Kunden.
Bei Zwischenfällen, welche den Bahnverkehr beeinträchtigen, bist du mitverantwortlich für den Schutz von Menschen, Tieren, Umwelt und Bahninfrastruktur.
Vor Ort sorgst du für die Sicherheit aller Reisenden, bekämpfst Brände auf und neben den Schienen, leistest Öl- und Chemiewehr sowie technische Hilfe.
Du trainierst regelmässig die verschiedenen Arbeitsabläufe und -techniken, um jederzeit eine reibungslose Ereignisbewältigung sicherzustellen. Du bist im 5x24 Schichtmodell im Einsatz.

Dank deinem hohen Verantwortungs- und Sicherheitsbewusstsein verstehst du die Abhängigkeiten und Auswirkungen auf dein Team sowie deine Arbeit. Bei uns zählen Miteinander und Gemeinschaft im Team, auf das du dich jederzeit verlassen kannst. Dazu gehört, dass du gerne selbständig arbeitest und physisch und psychisch belastbar bist.
Du verfügst über eine abgeschlossene Berufslehre mit eidgenössischem Fähigkeitszeugnis (EFZ). Den Fahrausweis für Triebfahrzeuge der Kategorie B100 besitzt du bereits oder bringst die Bereitschaft mit, die entsprechende interne Ausbildung zu absolvieren.
Du verfügst über eine Atemschutztauglichkeit, hast Erfahrung als Feuerwehrperson und idealerweise auch die Prüfung der Kategorie C1 118.
Die Bereitschaft zum Schichtdienst im 5 x 24h Modell vor Ort zu leisten ist für dich selbstverständlich. 
In der deutschen Sprache bist du verhandlungssicher (mündlich und schriftlich Niveau C1).
Im Bewerbungsprozess werden wir von dir einen aktuellen Strafregister- und Betreibungsregisterauszug (nicht älter als 3 Monate) verlangen. Das Dokument kann bei der Einladung zum persönlichen Kennenlernen bestellt werden."
crawl_025,Quereinstieg Spezialist:in Bahnrettung der SBB Intervention,SBB AG,Bern,Schweiz,https://jobs.sbb.ch/v2/offene-stellen/quereinstieg-spezialist-in-bahnrettung-der-sbb-intervention/5237ce57-14d0-4f7c-b1d3-c8e74fa60b92,"Im Alarmfall sowie bei Übungen rückst du als Lokführer:in mit dem Lösch- und Rettungszug mit deinem Team aus und sorgst für die Sicherheit unserer Kundinnen und Kunden.
Bei Zwischenfällen, welche den Bahnverkehr beeinträchtigen, bist du mitverantwortlich für den Schutz von Menschen, Tieren, Umwelt und Bahninfrastruktur.
Vor Ort sorgst du für die Sicherheit aller Reisenden, bekämpfst Brände auf und neben den Schienen, leistest Öl- und Chemiewehr sowie technische Hilfe.
Du trainierst regelmässig die verschiedenen Arbeitsabläufe und -techniken, um jederzeit eine reibungslose Ereignisbewältigung sicherzustellen. Du bist im 7x24 Schichtmodell im Einsatz.

Dank deinem hohen Verantwortungs- und Sicherheitsbewusstsein verstehst du die Abhängigkeiten und Auswirkungen auf dein Team sowie deine Arbeit. Bei uns zählen Miteinander und Gemeinschaft im Team, auf das du dich jederzeit verlassen kannst. Dazu gehört, dass du gerne selbständig arbeitest und physisch und psychisch belastbar bist.
Du verfügst über eine abgeschlossene Berufslehre mit eidgenössischem Fähigkeitszeugnis (EFZ). Den Fahrausweis für Triebfahrzeuge der Kategorie B100 besitzt du bereits oder bringst die Bereitschaft mit, die entsprechende interne Ausbildung zu absolvieren.
Du verfügst über eine Atemschutztauglichkeit, hast Erfahrung als Feuerwehrperson und idealerweise auch die Prüfung der Kategorie C1 118.
Die Bereitschaft zum Schichtdienst im 7 x 24h   Modell vor Ort zu leisten ist für dich selbstverständlich. 
In der deutschen Sprache bist du verhandlungssicher (mündlich und schriftlich Niveau C1).
Im Bewerbungsprozess werden wir von dir einen aktuellen Strafregister- und Betreibungsregisterauszug (nicht älter als 3 Monate) verlangen. Das Dokument kann bei der Einladung zum persönlichen Kennenlernen bestellt werden."
crawl_026,Projektleiter:in Business ETCS L2,SBB AG,Bern,Schweiz,https://jobs.sbb.ch/v2/offene-stellen/projektleiter-in-business-etcs-l2/1897a846-2380-4a32-8018-6de33c53efa8,"Als Projektleiter:in Business leitest und begleitest du Business- und Entwicklungsprojekte, auch mit IT-Anteil, zur Digitalisierung und Optimierung von ETCS L2 Anlagenprojekten.
Vereinfachungen und Automatisierungen für die ETCS L2 Anlagenprojekte treibst du aktiv voran und unterstützt damit die Fachprojektleitenden in der ganzen Schweiz.
Du identifizierst proaktiv Optimierungspotentiale und Digitalisierungsmöglichkeiten und bringst aktiv eigene Ideen sowie konkrete Umsetzungsvorschläge zur Verbesserung und Weiterentwicklung ein.
Gemeinsam mit einem interdisziplinären Team definierst du die Anforderungen an den künftigen Projektierung- und Prüfprozess sowie dessen Werkzeuge und stellst die Weichen für die Umsetzung bei den SBB.
Kleinere Programmierarbeiten z.B. zur Datenprozessunterstützung oder Konfiguration von Werkzeugen führst du selbstständig durch.
Als Teil des Kompetenzcenters unterstützt du die Kolleg:innen aus allen Regionen bei Digitalisierungsthemen.

Ein gutes analytisches, konzeptionelles und logisch-abstraktes Denkvermögen zeichnet dich aus.
Du verfügst über umfassende Erfahrung in der Leitung und/oder Mitarbeit in Business-, Entwicklungs- und IT-Projekten. Auch in einem interdisziplinären Umfeld mit verschiedenen Stakeholdern aus Business und IT bewegst du dich sicher und vernetzt dich gerne mit Personen aus verschiedenen Bereichen.
Langjährige Erfahrung in der Bahnbranche und umfassende Kenntnisse im Bereich ETCS L2 sind unerlässlich, damit du diese Funktion kompetent ausüben kannst.
Für diese Funktion setzen wir ein abgeschlossenes Hochschulstudium (Uni/FH) in einer technischen Fachrichtung wie z.B. Elektrotechnik oder einen gleichwertigen Abschluss voraus.
Technikaffinität und Aufgeschlossenheit gegenüber Themen wie Digitalisierung, Automatisierung und der Anwendung von AI zeichnen dich aus. Praktische Kenntnisse in Software und Programmiersprachen (z.B. Python oder Java) sind von Vorteil.
Du verfügst über gute Deutschkenntnisse in Wort und Schrift. Englischkenntnisse sind ein Plus."
crawl_027,Expert:in Gesundheitsschutz,SBB AG,Bern,Schweiz,https://jobs.sbb.ch/v2/offene-stellen/expert-in-gesundheitsschutz/d9d59e5f-fed1-4788-860f-5178c356057c,"Für Inhalte und Prozesse im Gesundheitsschutz trägst du die fachliche Mitverantwortung und stellst einen hohen Qualitätsstandard sicher.
Anspruchsvolle Projekte im Gesundheitsschutz leitest du und/oder bringst deine ausgewiesene Expertise in Arbeitsmedizin oder Arbeitshygiene ein.
Kennzahlen entwickelst und erhebst du, analysierst Abweichungen und prüfst die Qualität durch Begehungen und Audits.
Beim Aufbau einer konzernweiten Fachstelle Schadstoffe arbeitest du aktiv mit und begleitest Fachthemen über alle Divisionen hinweg und sprichst klare Entscheidungen aus.
Einsätze führen dich in die ganze Schweiz, damit du Standorte vor Ort begleitest und den betrieblichen Gesundheitsschutz wirksam verankern kannst.
Mit deiner Arbeit prägst du die Gesundheitsstrategie der SBB und treibst ihre Umsetzung voran.

Du hast grosses Interesse an der Umsetzung normativer Vorgaben zur Gesunderhaltung der Mitarbeitenden sowie Freude an den präventiven Aspekten des betrieblichen Gesundheitsschutzes.
Dank deiner adressatengerechten Kommunikation überzeugst du Menschen über verschiedene Hierarchiestufen und gewinnst diese für gemeinsame Lösungen.
Du hast Kenntnisse der Gesundheitsstrukturen in der Schweiz und im Bereich Schadstoffe und idealerweise Gefahrenstoffe sowie Berufserfahrung als Arbeitsmediziner:in oder Arbeitshygieniker:in oder als Expert:in für Arbeitssicherheit und Gesundheitsschutz (ASGS).
Eine abgeschlossene Weiterbildung als Fachärztin oder Facharzt für Arbeitsmedizin oder ein Abschluss als zertifizierte Arbeitshygieniker:in oder als ASGS- Expert:in setzen wir voraus.
Bestenfalls hast du Erfahrung in der Projektleitung interdisziplinärer Teams und in der wirksamen Vernetzung mit diversen Fachstellen.
Für diese Funktion sind verhandlungssichere mündliche und schriftliche Deutschkenntnisse erforderlich. Weitere Sprachkenntnisse in Französisch oder Italienisch sind ein Plus."
crawl_028,"Mechaniker:in, Landmaschinen- / LKW-Mechaniker:in Wasserkraftwerk Etzelwerk",SBB AG,Bern,Schweiz,https://jobs.sbb.ch/v2/offene-stellen/mechaniker-in-landmaschinen-lkw-mechaniker-in-wasserkraftwerk-etzelwerk/88bfd4c2-aa8b-45d8-ad1f-a3a93d2bc7c3,"In dieser abwechslungsreichen Rolle trägst du die Verantwortung für die Instandhaltung unserer Energieproduktions- und Verteilanlagen – von Turbinen bis zu Hoch- und Niederspannungsanlagen.
Du spürst Störungen auf, analysierst sie gezielt und bringst die Anlagen schnell und zuverlässig wieder in Betrieb.
Gemeinsam im Team begleitest du Um- und Neubauten, führst Inspektionen, Kontrollrundgänge, Wartungen und gezielte Anpassungen durch.
Wenn es schnell gehen musst, packst du mit an: zeitlich definierte Piketteinsätze gehören zu deinem Alltag und du arbeitest auch unter Zeitdruck konzentriert und effizient.
Sicherheit hat für dich oberste Priorität: Du setzt Vorgaben konsequent um und sorgst so für einen sicheren Betrieb.

Auch in hektischen Situationen handelst du besonnen und behältst das Wesentliche im Blick. Du arbeitest selbstständig, zuverlässig und bist ein geschätztes Mitglied eines kleinen, kollegialen Teams.
Idealerweise hast du Erfahrung im Betrieb oder der Instandhaltung von Energieproduktions‑ und Verteilanlagen – das ist aber kein Muss. Wichtiger sind gute IT‑Skills (iPad, Smartphone) sowie sichere Anwendung von SAP und MS Office.
Du verfügst über eine abgeschlossene Berufslehre im elektrischen oder mechanischen Bereich (z. B. Land- oder Baumaschinenmechaniker:in, Lastwagenmechaniker:in oder ähnliche Ausbildungen) und bist bereit, anlagenspezifische Weiterbildungen zu absolvieren.
Du wohnst in der Region und kannst im Pikettfall die vorgegebenen Interventionszeiten von 45 Minuten einhalten. Ein Führerschein der Kategorie B ist dafür erforderlich.
Sehr gute Deutschkenntnisse in Wort und Schrift (C1) sind erforderlich; Kenntnisse einer zweiten Landessprache sind ein Plus."
crawl_029,"Spezialmonteur:in Kabel, Spleisser:in, Elektroinstallateur:in, Elektriker:in, Mechaniker:in",SBB AG,Bern,Schweiz,https://jobs.sbb.ch/v2/offene-stellen/spezialmonteur-in-kabel-spleisser-in-elektroinstallateur-in-elektriker-in-mechaniker-in/424a0798-0e6d-4e4a-bd32-8515945e21a6,"Du führst selbständige Unterhalts-, Erneuerungs- und Störungsbehebungsarbeiten an sämtlichen Kabelanlagen durch.
In dieser Funktion spleisst du Kupfer- und Glasfaserkabel, verlegst Kabel und nimmst die nötigen Montagearbeiten vor.
Teilweise führst du auch Schaltarbeiten an Kabelanlagen durch.
Gelegentlich überwachst du als Sicherheitschef:in die Einhaltung der Sicherheitsmassnahmen gemäss Sicherheitsdispositiv.
Du organisierst die Materialbestellungen für die Baustellen und steuerst die termingerechte Anlieferung.

Dein hohes Verantwortungs- und Sicherheitsbewusstsein ermöglichen dir, dich gut und fundiert in deine neue Tätigkeit im SBB-Umfeld einzuarbeiten. Du freust dich, bei jeder Jahreszeit vorwiegend im Freien zu arbeiten.
Aufgrund unserer Sicherheitsvorschriften ist es wichtig, dass du über einen guten Gesundheitszustand mit uneingeschränktem Hör- und Sehvermögen verfügst.
Du verfügst über einen Fähigkeitsausweis (EFZ) aus dem handwerklichen Bereich, vorzugsweise aus der Elektrobranche (z.B. Elektroinstallateur:in, Elektriker:in).
Dein Wohnort befindet sich nicht weiter als ca. 30 Minuten vom Arbeitsort Brig entfernt und du besitzt einen Führerausweis der Kategorie B. 
Du verfügst über sehr gute Deutschkenntnisse auf Niveau Muttersprache (C1). Französischkenntnisse sind ein Plus."
crawl_030,Fachtechniker:in Instandhaltung,SBB AG,Bern,Schweiz,https://jobs.sbb.ch/v2/offene-stellen/fachtechniker-in-instandhaltung/8d535dc3-8cb9-4d54-b72c-f08cf3dde987,"Du stellst die Betriebsbereitschaft der gesamten technischen Infrastruktur sicher und ermöglichst einen verlässlichen Anlagenbetrieb.
Mit Wartungs- und Inspektionsarbeiten an Anlagen und Gebäuden stellst du deren zuverlässige Verfügbarkeit sicher. 
Zusätzlich bist du für die Betreuung und Koordination externer Dienstleister zuständig, die in unserem Werk an den von ihnen gelieferten Anlagen Garantiearbeiten durchführen.
Störungen an pneumatischen, hydraulischen und elektromechanischen Systemen analysierst du mithilfe von technischen Beschreibungen, Schemata, Betriebs- und Einsatzdaten, Mess- und Testgeräten sowie Erfahrungswerten.
Du erstellst gelegentlich Anleitungen und Dokumentationen und unterstützt damit den Wissensaustausch im Team.
Je nach Eignung und Interesse übernimmst du Pikettdienst und sicherst die Verfügbarkeit ausserhalb der Regelzeiten.

Für diese anspruchsvolle Tätigkeit hast du bereits einige Jahre Berufserfahrung gesammelt.
Mit einer abgeschlossenen Berufslehre EFZ als Mechatroniker:in, Automatiker:in, Polymechaniker:in, Anlagen- und Apparatebauer:in oder vergleichbaren Ausbildung, bist du ideal für diese Position vorbereitet.
Idealerweise bringst du bereits die eingeschränkte Installationsbewilligung nach Art. 15 mit oder bist bereit, diese zu erwerben.
Erste Erfahrung in Pneumatik, Hydraulik und Elektromechanik bringst du mit.
Du kannst Schemata und technische Unterlagen sicher lesen oder bist bereit dir dieses anzueignen.
Du hast sowohl mündlich als auch schriftlich sehr gute Deutschkenntnisse."
